latitude,longitude,date,incident_id,address,district,blockage_type,severity,notes
54.6875,25.2795,2024-01-15,VIL-001,Gedimino pr. 1,Senamiestis,grease,high,Restaurant area
54.6878,25.2798,2024-02-20,VIL-002,Gedimino pr. 3,Senamiestis,grease,high,Repeat location
54.6872,25.2792,2024-03-10,VIL-003,Gedimino pr. 5,Senamiestis,grease,medium,Commercial kitchen
54.6895,25.2686,2024-01-22,VIL-004,Didzioji g. 12,Naujamiestis,grease,high,Downtown restaurant
54.6898,25.2689,2024-04-05,VIL-005,Didzioji g. 14,Naujamiestis,grease,high,Repeat location
54.6892,25.2682,2024-05-18,VIL-006,Didzioji g. 16,Naujamiestis,debris,medium,Storm drain issue
54.6838,25.2931,2024-02-12,VIL-007,Pilies g. 22,Senamiestis,grease,high,Tourist area
54.6841,25.2934,2024-06-25,VIL-008,Pilies g. 24,Senamiestis,grease,high,Repeat location
54.6835,25.2928,2024-07-30,VIL-009,Pilies g. 26,Senamiestis,grease,medium,Restaurant cluster
54.7001,25.2448,2024-03-08,VIL-010,Stoties g. 8,Naujininkai,grease,high,Train station area
54.7004,25.2451,2024-08-15,VIL-011,Stoties g. 10,Naujininkai,grease,high,Repeat location
54.6998,25.2445,2024-09-22,VIL-012,Stoties g. 12,Naujininkai,debris,medium,Railway proximity
54.6950,25.2800,2024-01-28,VIL-013,Lukiškiu g. 5,Lukiskes,grease,high,Government area
54.6953,25.2803,2024-04-12,VIL-014,Lukiškiu g. 7,Lukiskes,grease,high,Office building
54.6947,25.2797,2024-07-20,VIL-015,Lukiškiu g. 9,Lukiskes,grease,medium,Commercial
54.6750,25.2850,2024-02-15,VIL-016,Vilkpedes g. 30,Vilkpedes,grease,high,Residential area
54.6753,25.2853,2024-05-28,VIL-017,Vilkpedes g. 32,Vilkpedes,grease,high,Repeat location
54.6747,25.2847,2024-08-10,VIL-018,Vilkpedes g. 34,Vilkpedes,debris,medium,Old infrastructure
54.7100,25.2900,2024-01-10,VIL-019,Saltoniskiu g. 15,Snipiskes,grease,high,Industrial area
54.7103,25.2903,2024-03-25,VIL-020,Saltoniskiu g. 17,Snipiskes,grease,high,Manufacturing
54.7097,25.2897,2024-06-08,VIL-021,Saltoniskiu g. 19,Snipiskes,grease,medium,Warehouse
54.6880,25.2750,2024-02-20,VIL-022,Jasinskio g. 10,Senamiestis,grease,high,City center
54.6883,25.2753,2024-05-15,VIL-023,Jasinskio g. 12,Senamiestis,grease,high,Repeat location
54.6877,25.2747,2024-08-28,VIL-024,Jasinskio g. 14,Senamiestis,debris,medium,Commercial
54.6920,25.2700,2024-01-18,VIL-025,T. Vrublevskio g. 5,Senamiestis,grease,high,Court area
54.6923,25.2703,2024-04-22,VIL-026,T. Vrublevskio g. 7,Senamiestis,grease,high,Government
54.6917,25.2697,2024-07-05,VIL-027,T. Vrublevskio g. 9,Senamiestis,grease,medium,Office
54.6800,25.2950,2024-03-05,VIL-028,Zveryno g. 20,Zverynas,grease,high,Restaurant district
54.6803,25.2953,2024-06-18,VIL-029,Zveryno g. 22,Zverynas,grease,high,Repeat location
54.6797,25.2947,2024-09-12,VIL-030,Zveryno g. 24,Zverynas,grease,medium,Residential
54.6960,25.2600,2024-02-08,VIL-031,Kalvariju g. 50,Zalieji Veriai,grease,high,Suburban
54.6963,25.2603,2024-05-22,VIL-032,Kalvariju g. 52,Zalieji Veriai,grease,high,Restaurant area
54.6957,25.2597,2024-08-05,VIL-033,Kalvariju g. 54,Zalieji Veriai,debris,medium,Residential
54.6875,25.2795,2024-10-15,VIL-034,Gedimino pr. 1,Senamiestis,grease,high,Restaurant area
54.6878,25.2798,2024-11-20,VIL-035,Gedimino pr. 3,Senamiestis,grease,high,Repeat location
54.6895,25.2686,2024-12-10,VIL-036,Didzioji g. 12,Naujamiestis,grease,high,Downtown restaurant
54.6838,25.2931,2024-10-25,VIL-037,Pilies g. 22,Senamiestis,grease,high,Tourist area
54.7001,25.2448,2024-11-08,VIL-038,Stoties g. 8,Naujininkai,grease,high,Train station area
54.6950,25.2800,2024-12-05,VIL-039,Lukiškiu g. 5,Lukiskes,grease,high,Government area
54.6750,25.2850,2024-10-30,VIL-040,Vilkpedes g. 30,Vilkpedes,grease,high,Residential area
54.7100,25.2900,2024-11-22,VIL-041,Saltoniskiu g. 15,Snipiskes,grease,high,Industrial area
54.6880,25.2750,2024-12-18,VIL-042,Jasinskio g. 10,Senamiestis,grease,high,City center
54.6920,25.2700,2024-10-12,VIL-043,T. Vrublevskio g. 5,Senamiestis,grease,high,Court area
54.6800,25.2950,2024-11-15,VIL-044,Zveryno g. 20,Zverynas,grease,high,Restaurant district
54.6960,25.2600,2024-12-20,VIL-045,Kalvariju g. 50,Zalieji Veriai,grease,high,Suburban
54.7150,25.2500,2024-04-10,VIL-046,Savanu g. 25,Naujamiestis,grease,high,Commercial area
54.7153,25.2503,2024-07-25,VIL-047,Savanu g. 27,Naujamiestis,grease,high,Repeat location
54.7147,25.2497,2024-09-30,VIL-048,Savanu g. 29,Naujamiestis,debris,medium,Office building
54.6650,25.3000,2024-03-15,VIL-049,Ozo g. 40,Zalieji Veriai,grease,high,Outskirts
54.6653,25.3003,2024-06-28,VIL-050,Ozo g. 42,Zalieji Veriai,grease,high,Restaurant
54.6647,25.2997,2024-09-15,VIL-051,Ozo g. 44,Zalieji Veriai,grease,medium,Residential
54.7050,25.2700,2024-02-22,VIL-052,Linkmenu g. 18,Snipiskes,grease,high,Industrial
54.7053,25.2703,2024-05-30,VIL-053,Linkmenu g. 20,Snipiskes,grease,high,Manufacturing
54.7047,25.2697,2024-08-12,VIL-054,Linkmenu g. 22,Snipiskes,debris,medium,Warehouse
54.6780,25.2800,2024-01-25,VIL-055,Basilijonu g. 15,Vilkpedes,grease,high,Church area
54.6783,25.2803,2024-04-18,VIL-056,Basilijonu g. 17,Vilkpedes,grease,high,Restaurant
54.6777,25.2797,2024-07-08,VIL-057,Basilijonu g. 19,Vilkpedes,grease,medium,Residential
54.6910,25.2750,2024-03-20,VIL-058,Karoliniskiu g. 10,Lukiskes,grease,high,University area
54.6913,25.2753,2024-06-10,VIL-059,Karoliniskiu g. 12,Lukiskes,grease,high,Cafeteria
54.6907,25.2747,2024-09-25,VIL-060,Karoliniskiu g. 14,Lukiskes,debris,medium,Student housing
54.6850,25.2850,2024-02-25,VIL-061,Kunigaiksciu g. 25,Senamiestis,grease,high,Near parliament
54.6853,25.2853,2024-05-28,VIL-062,Kunigaiksciu g. 27,Senamiestis,grease,high,Restaurant
54.6847,25.2847,2024-08-20,VIL-063,Kunigaiksciu g. 29,Senamiestis,grease,medium,Commercial
54.6990,25.2650,2024-01-30,VIL-064,Pylimo g. 40,Naujamiestis,grease,high,Market area
54.6993,25.2653,2024-04-12,VIL-065,Pylimo g. 42,Naujamiestis,grease,high,Restaurant cluster
54.6987,25.2647,2024-07-15,VIL-066,Pylimo g. 44,Naujamiestis,debris,medium,Commercial
54.6720,25.2900,2024-03-10,VIL-067,Siaures g. 35,Zverynas,grease,high,North district
54.6723,25.2903,2024-06-22,VIL-068,Siaures g. 37,Zverynas,grease,high,Restaurant
54.6717,25.2897,2024-09-10,VIL-069,Siaures g. 39,Zverynas,grease,medium,Residential
54.7120,25.2550,2024-02-15,VIL-070,J. Balconio g. 5,Naujininkai,grease,high,Railway
54.7123,25.2553,2024-05-18,VIL-071,J. Balconio g. 7,Naujininkai,grease,high,Industrial
54.7117,25.2547,2024-08-22,VIL-072,J. Balconio g. 9,Naujininkai,debris,medium,Warehouse
54.6860,25.2720,2024-01-12,VIL-073,Mindaugo g. 15,Senamiestis,grease,high,Old town
54.6863,25.2723,2024-04-25,VIL-074,Mindaugo g. 17,Senamiestis,grease,high,Restaurant
54.6857,25.2717,2024-07-08,VIL-075,Mindaugo g. 19,Senamiestis,grease,medium,Commercial
54.6930,25.2780,2024-03-18,VIL-076,Sv. Stepono g. 12,Senamiestis,grease,high,Cathedral area
54.6933,25.2783,2024-06-20,VIL-077,Sv. Stepono g. 14,Senamiestis,grease,high,Tourist
54.6927,25.2777,2024-09-18,VIL-078,Sv. Stepono g. 16,Senamiestis,debris,medium,Commercial
54.6770,25.2950,2024-02-28,VIL-079,Tilto g. 30,Zverynas,grease,high,Restaurant district
54.6773,25.2953,2024-05-31,VIL-080,Tilto g. 32,Zverynas,grease,high,Repeat location
54.6767,25.2947,2024-08-14,VIL-081,Tilto g. 34,Zverynas,grease,medium,Residential
54.7020,25.2750,2024-01-08,VIL-082,Gyteju g. 20,Snipiskes,grease,high,Commercial
54.7023,25.2753,2024-04-22,VIL-083,Gyteju g. 22,Snipiskes,grease,high,Office
54.7017,25.2747,2024-07-05,VIL-084,Gyteju g. 24,Snipiskes,debris,medium,Warehouse
54.6885,25.2680,2024-03-12,VIL-085,Boksto g. 8,Naujamiestis,grease,high,Downtown
54.6888,25.2683,2024-06-15,VIL-086,Boksto g. 10,Naujamiestis,grease,high,Restaurant
54.6882,25.2677,2024-09-08,VIL-087,Boksto g. 12,Naujamiestis,debris,medium,Commercial
54.6980,25.2500,2024-02-10,VIL-088,V. Sirokomos g. 5,Naujininkai,grease,high,Residential
54.6983,25.2503,2024-05-23,VIL-089,V. Sirokomos g. 7,Naujininkai,grease,high,Restaurant
54.6977,25.2497,2024-08-06,VIL-090,V. Sirokomos g. 9,Naujininkai,debris,medium,Residential
54.6840,25.2800,2024-01-22,VIL-091,Jogailos g. 3,Senamiestis,grease,high,Palace area
54.6843,25.2803,2024-04-15,VIL-092,Jogailos g. 5,Senamiestis,grease,high,Restaurant
54.6837,25.2797,2024-07-18,VIL-093,Jogailos g. 7,Senamiestis,grease,medium,Commercial
54.6900,25.2880,2024-03-05,VIL-094,Rudninku g. 18,Senamiestis,grease,high,Restaurant cluster
54.6903,25.2883,2024-06-08,VIL-095,Rudninku g. 20,Senamiestis,grease,high,Repeat location
54.6897,25.2877,2024-09-12,VIL-096,Rudninku g. 22,Senamiestis,debris,medium,Commercial
54.6730,25.2750,2024-02-18,VIL-097,Mazoji g. 15,Vilkpedes,grease,high,Restaurant
54.6733,25.2753,2024-05-21,VIL-098,Mazoji g. 17,Vilkpedes,grease,high,Repeat location
54.6727,25.2747,2024-08-14,VIL-099,Mazoji g. 19,Vilkpedes,grease,medium,Residential
54.7080,25.2650,2024-01-15,VIL-100,Sventarasio g. 25,Snipiskes,grease,high,Commercial
54.7083,25.2653,2024-04-28,VIL-101,Sventarasio g. 27,Snipiskes,grease,high,Office
54.7077,25.2647,2024-07-10,VIL-102,Sventarasio g. 29,Snipiskes,debris,medium,Warehouse
54.6810,25.2700,2024-03-22,VIL-103,Konarskio g. 10,Senamiestis,grease,high,Government
54.6813,25.2703,2024-06-25,VIL-104,Konarskio g. 12,Senamiestis,grease,high,Office
54.6807,25.2697,2024-09-20,VIL-105,Konarskio g. 14,Senamiestis,debris,medium,Commercial
54.6940,25.2800,2024-02-05,VIL-106,Vokieciu g. 20,Senamiestis,grease,high,Embassy area
54.6943,25.2803,2024-05-08,VIL-107,Vokieciu g. 22,Senamiestis,grease,high,Restaurant
54.6937,25.2797,2024-08-11,VIL-108,Vokieciu g. 24,Senamiestis,grease,medium,Commercial
54.6760,25.2880,2024-01-28,VIL-109,Pylimo g. 50,Vilkpedes,grease,high,Commercial
54.6763,25.2883,2024-04-30,VIL-110,Pylimo g. 52,Vilkpedes,grease,high,Restaurant
54.6757,25.2877,2024-07-13,VIL-111,Pylimo g. 54,Vilkpedes,debris,medium,Office
54.6870,25.2900,2024-03-15,VIL-112,Domininkonu g. 15,Senamiestis,grease,high,Restaurant
54.6873,25.2903,2024-06-18,VIL-113,Domininkonu g. 17,Senamiestis,grease,high,Repeat location
54.6867,25.2897,2024-09-21,VIL-114,Domininkonu g. 19,Senamiestis,debris,medium,Commercial
54.7000,25.2800,2024-02-12,VIL-115,Gynios g. 10,Naujamiestis,grease,high,Commercial
54.7003,25.2803,2024-05-15,VIL-116,Gynios g. 12,Naujamiestis,grease,high,Office
54.6997,25.2797,2024-08-18,VIL-117,Gynios g. 14,Naujamiestis,debris,medium,Warehouse
54.6820,25.2650,2024-01-20,VIL-118,Traku g. 5,Senamiestis,grease,high,Tourist area
54.6823,25.2653,2024-04-23,VIL-119,Traku g. 7,Senamiestis,grease,high,Restaurant
54.6817,25.2647,2024-07-06,VIL-120,Traku g. 9,Senamiestis,debris,medium,Commercial
54.6950,25.2950,2024-03-08,VIL-121,Rasos g. 30,Rasos,grease,high,Restaurant district
54.6953,25.2953,2024-06-11,VIL-122,Rasos g. 32,Rasos,grease,high,Repeat location
54.6947,25.2947,2024-09-14,VIL-123,Rasos g. 34,Rasos,grease,medium,Residential
54.6740,25.3000,2024-02-14,VIL-124,Verkiu g. 45,Zalieji Veriai,grease,high,Park area
54.6743,25.3003,2024-05-17,VIL-125,Verkiu g. 47,Zalieji Veriai,grease,high,Restaurant
54.6737,25.2997,2024-08-10,VIL-126,Verkiu g. 49,Zalieji Veriai,debris,medium,Residential
54.7090,25.2600,2024-01-25,VIL-127,Partizanu g. 20,Naujininkai,grease,high,Industrial
54.7093,25.2603,2024-04-28,VIL-128,Partizanu g. 22,Naujininkai,grease,high,Manufacturing
54.7087,25.2597,2024-07-11,VIL-129,Partizanu g. 24,Naujininkai,debris,medium,Warehouse
54.6850,25.2950,2024-03-20,VIL-130,Polocko g. 10,Zverynas,grease,high,Restaurant
54.6853,25.2953,2024-06-23,VIL-131,Polocko g. 12,Zverynas,grease,high,Repeat location
54.6847,25.2947,2024-09-16,VIL-132,Polocko g. 14,Zverynas,grease,medium,Residential
54.6910,25.2650,2024-02-07,VIL-133,B. Radvilaites g. 15,Naujamiestis,grease,high,Commercial
54.6913,25.2653,2024-05-10,VIL-134,B. Radvilaites g. 17,Naujamiestis,grease,high,Office
54.6907,25.2647,2024-08-13,VIL-135,B. Radvilaites g. 19,Naujamiestis,debris,medium,Warehouse
54.6780,25.2700,2024-01-17,VIL-136,Zamku g. 25,Vilkpedes,grease,high,Restaurant
54.6783,25.2703,2024-04-20,VIL-137,Zamku g. 27,Vilkpedes,grease,high,Repeat location
54.6777,25.2697,2024-07-03,VIL-138,Zamku g. 29,Vilkpedes,grease,medium,Residential
54.7040,25.2850,2024-03-25,VIL-139,Latviu g. 15,Snipiskes,grease,high,Commercial
54.7043,25.2853,2024-06-28,VIL-140,Latviu g. 17,Snipiskes,grease,high,Office
54.7037,25.2847,2024-09-21,VIL-141,Latviu g. 19,Snipiskes,debris,medium,Warehouse
54.6890,25.2720,2024-02-19,VIL-142,A. Juozapaviciaus g. 10,Senamiestis,grease,high,Commercial
54.6893,25.2723,2024-05-22,VIL-143,A. Juozapaviciaus g. 12,Senamiestis,grease,high,Office
54.6887,25.2717,2024-08-15,VIL-144,A. Juozapaviciaus g. 14,Senamiestis,debris,medium,Commercial
54.6720,25.2750,2024-01-24,VIL-145,S. Nerio g. 20,Vilkpedes,grease,high,Restaurant
54.6723,25.2753,2024-04-27,VIL-146,S. Nerio g. 22,Vilkpedes,grease,high,Repeat location
54.6717,25.2747,2024-07-10,VIL-147,S. Nerio g. 24,Vilkpedes,grease,medium,Residential
54.6960,25.2850,2024-03-30,VIL-148,Daukanto g. 15,Lukiskes,grease,high,Government
54.6963,25.2853,2024-07-03,VIL-149,Daukanto g. 17,Lukiskes,grease,high,Office
54.6957,25.2847,2024-09-26,VIL-150,Daukanto g. 19,Lukiskes,debris,medium,Commercial
